Prova,1623103200000,1623103200000,1623105000000,0,0
Gianni,1623189600000,1623195000000,1623196800000,1,1
Prova,1623276000000,1623276000000,1623279600000,1,1
1,1623276000000,1623281400000,1623283200000,1,1
v,1623276000000,1623279600000,1623283200000,3,3
1,1622844000000,1622844000000,1622847600000,1,1
Prova,1622930400000,1622847600000,1622849400000,1,1
Prova,1623016800000,1622847600000,1622849400000,1,1
Prova,1623016800000,1622844000000,1622845800000,2,2
1,1622844000000,1622847600000,1622849400000,3,3
Prova,1622498400000,1622844000000,1622847600000,4,4
mmmm,1622844000000,1622845800000,1622847600000,1,1
exam,1622844000000,1622847600000,1622847600000,2,2
prova evento,1622844000000,1622847600000,1622849400000,2,2
lll,1622930400000,1622847600000,1622849400000,4,4
aaa,1625695200000,1625695200000,1625702400000,2,2
mmmmmmmmmmmmmmmmmmmmmmmmmmmmmmmmmmmmmmmmmmmmmmmmmmmmmmmmmmmmmmmmmmmmmmmmmmmmmmmmmmmmmmmmmmmmmmmmmmmmmmmmmm,1623880800000,1623882600000,1623886200000,2,2
xx,1623794400000,1623801600000,1623799800000,1,1
e,1623967200000,1623967200000,1623972600000,4,4
